menu_id,mape_naive,smape_naive,mape_seasonal,smape_seasonal
1,0.4305555555555556,0.5322751322751322,0.3666666666666667,0.4419210419210419
2,0.9918367346938776,0.7475191475191475,0.685204081632653,0.4300722947339488
3,0.9666666666666666,1.1733333333333333,0.8166666666666667,0.5396825396825397
4,0.6860544217687076,0.39363017934446504,0.49013605442176866,0.37931495405179616
5,1.5809523809523809,0.9897959183673469,1.4857142857142858,0.7196660482374767
6,1.0374999999999999,0.9234839234839235,0.7180555555555556,0.4834635608629417
